{"cameraMode":{"drawMode":0,"name":"Shaded","section":"Shading Mode"},"sceneLighting":true,"audioPlay":false,"sceneViewState":{"m_AlwaysRefresh":false,"showFog":true,"showSkybox":true,"showFlares":true,"showImageEffects":true,"showParticleSystems":true,"showVisualEffectGraphs":true,"m_FxEnabled":true},"in2DMode":false,"pivot":{"x":1.9558565616607667,"y":-0.2814241051673889,"z":-3.996368169784546},"rotation":{"x":0.33034852147102358,"y":0.38949114084243777,"z":-0.15241703391075135,"w":0.8462870717048645},"size":3.133012294769287,"orthographic":false}